Name,Years,Seasons,Games,Goals,Assists,Total,Pts/Game
Roni Hotari,2007-2026,36,689,698,929,1627,2.36
Tomi Sandberg,2010-2026,28,582,542,780,1322,2.27
Erkka Niini,2011-2026,26,533,596,355,951,1.78
Ilkka Vaahtoranta,2006-2026,35,571,299,622,921,1.61
Touko Väänänen,2012-2025,7,427,527,223,750,1.76
Antti Elonheimo,2011-2025,25,521,360,371,731,1.40
Jarno Sihvo,2007-2026,35,648,307,414,721,1.11
Oskari Vuorio,2012-2026,24,503,432,254,686,1.36
Lassi Kallio,2010-2025,20,423,249,394,643,1.52
Tommi Lehto,2008-2019,17,296,273,288,561,1.90
Ilkka Rämö,2011-2023,14,287,168,349,517,1.80
Santeri Salo,2008-2020,19,341,261,201,462,1.35
Jesse Saastamoinen,2012-2025,23,399,265,164,429,1.08
Pasi Tamminen,2011-2017,12,176,175,251,426,2.42
Patrick Potrykus,2014-2026,15,262,216,206,422,1.61
Timo Vaskio,2006-2019,15,196,96,288,384,1.96
Antti Järvi,2011-2025,20,450,163,207,370,0.82
Ismo Sutela,2011-2018,14,225,116,231,347,1.54
Juuso Parkkinen,2006-2019,18,257,213,129,342,1.33
Aki Vehtari,2007-2025,31,459,89,225,314,0.68
Kimmo Berg,2006-2012,12,218,206,70,276,1.27
Pekka Kinnunen,2014-2026,16,282,103,171,274,0.97
Teemu Säilynoja,2012-2025,18,338,134,123,257,0.76
Ari Rantalainen,2006-2011,7,113,89,164,253,2.24
Yrjänä Hynninen,2013-2017,7,135,211,40,251,1.86
Mikko Alitalo,2022-2026,8,178,43,208,251,1.41
Karli Kalpala,2012-2021,15,251,123,107,230,0.92
Emil Videman,2015-2026,14,197,141,87,228,1.16
Tommi Palomäki,2007-2020,18,193,111,112,223,1.16
Waltteri Wickström,2013-2025,9,127,102,117,219,1.72
Damijan Marin,2011-2013,5,96,42,165,207,2.16
Samuel-Visal Roeung,2022-2026,8,197,127,78,205,1.04
Kivi Knuuti,2021-2026,9,158,109,89,198,1.25
Tuukka Koistinen,2008-2021,19,283,101,87,188,0.66
Heikki Väänänen,2006-2013,12,154,78,106,184,1.19
Jussi Kitusuo,2013-2019,8,171,126,52,178,1.04
Antti Niinikoski,2006-2012,10,137,112,65,177,1.29
Mikko Tervakangas,2023-2025,6,118,126,31,157,1.33
Eero Smeds,2011-2017,9,133,128,20,148,1.11
Antti-Jussi Miettinen,2016-2025,12,173,65,57,122,0.71
Jasu Vehtari,2015-2025,15,196,48,72,120,0.61
Jori Kuvaja,2021-2025,7,83,76,39,115,1.39
Johannes Hokkanen,2022-2025,7,125,47,68,115,0.92
Timo Idänheimo,2007-2014,12,160,56,54,110,0.69
Mikko Paanasalo,2018-2019,3,71,58,47,105,1.48
Hannu Saarinen,2006-2008,5,64,29,75,104,1.62
Lauri Hiivala,2011-2023,8,115,60,43,103,0.90
Adrian Hornsby,2012-2016,6,80,45,57,102,1.27
Hugo Fournier,2023-2025,5,80,69,29,98,1.23
Ora Visuri,2008-2016,10,92,59,32,91,0.99
Tuomo Sirkka,2006-2008,5,79,36,52,88,1.11
Sami Holopainen,2006-2010,5,47,40,46,86,1.83
Esa Pensala,2006-2006,2,42,63,17,80,1.90
Pekka Lehtelä,2015-2018,7,154,62,14,76,0.49
Arto Heikkilä,2008-2010,4,59,37,33,70,1.19
Andrey Przhibelskiy,2022-2025,6,76,47,22,69,0.91
Simo Siitonen,2011-2019,8,74,40,25,65,0.88
István Prán,2013-2016,5,37,20,45,65,1.76
Kaapo Peura,2021-2025,6,120,54,11,65,0.54
Juhana Oivio,2006-2006,2,42,28,32,60,1.43
Roope Kettunen,2023-2026,5,58,34,26,60,1.03
Tatu Kokkonen,2014-2021,6,74,9,50,59,0.80
Santeri Harmaala,2025-2026,3,47,36,23,59,1.26
Adam Torda,2015-2017,4,42,36,22,58,1.38
Eric Hytönen,2021-2021,2,29,27,31,58,2.00
Matias Pentikäinen,2023-2025,5,93,31,19,50,0.54
Totti Brunila,2014-2017,5,67,37,11,48,0.72
Pekka Neuvo,2011-2019,5,50,37,10,47,0.94
Mikko Nietosvaara,2016-2018,3,37,42,5,47,1.27
Timi Rautamäki,2016-2018,4,53,39,7,46,0.87
Ville Haaramo,2011-2018,7,60,4,40,44,0.73
George Kuvaja,2019-2020,3,59,31,11,42,0.71
Eemeli Kärkkäinen,2022-2025,4,51,20,22,42,0.82
Jason Mc Keen,2021-2023,2,22,19,19,38,1.73
Juha Jalovaara,2006-2012,3,35,4,32,36,1.03
Kasperi Lahti,2018-2020,3,48,29,6,35,0.73
Eero Metso,2019-2020,2,45,28,6,34,0.76
Joonas Myhrberg,2015-2020,6,42,29,4,33,0.79
Antti Mäkipää,2020-2021,3,43,19,13,32,0.74
Aleksi Mustonen,2023-2026,7,116,27,5,32,0.28
Matias Arola,2025-2026,2,25,22,10,32,1.28
Pyry Aurasmaa,2013-2016,3,37,14,17,31,0.84
Kerkko Visuri,2010-2014,7,50,23,7,30,0.60
Pieti Siivola,2021-2024,5,98,19,11,30,0.31
Jaakko Junttu,2018-2018,1,10,14,15,29,2.90
Jukka Mäki,2006-2007,3,24,20,8,28,1.17
Heikki Nuoranne,2007-2007,1,18,27,1,28,1.56
Ville Rantamaula,2006-2006,2,38,5,20,25,0.66
Jari Hentunen,2009-2010,2,24,20,5,25,1.04
Mikko Jauhonen,2010-2012,2,16,20,4,24,1.50
Johannes Elmnäinen,2017-2017,1,18,14,10,24,1.33
Anttoni Söderlund,2015-2015,2,25,19,4,23,0.92
Esko Saura,2006-2013,7,46,13,6,19,0.41
Viljami Aittomäki,2008-2011,5,46,15,3,18,0.39
Tommi Ylönen,2012-2012,2,17,8,10,18,1.06
Sami Koivisto,2012-2013,3,48,11,7,18,0.38
Ilari Visuri,2016-2016,2,18,9,9,18,1.00
Niilo Suontama,2025-2025,1,30,15,3,18,0.60
Ekku Rytkönen,2011-2011,2,23,14,3,17,0.74
Heikki Tiittanen,2014-2014,1,15,7,10,17,1.13
Mares Vaclav,2015-2015,1,12,5,12,17,1.42
Artur Vaskio,2019-2020,2,31,13,4,17,0.55
Olli Huotari,2008-2023,2,26,14,1,15,0.58
Juha Jokinen,2013-2013,1,13,0,15,15,1.15
Daniel Palander,2013-2013,1,14,9,6,15,1.07
Ville Antila,2015-2025,2,19,11,4,15,0.79
Jonne Happonen,2025-2025,2,38,11,4,15,0.39
Tapio Tiihonen,2024-2025,3,65,11,2,13,0.20
Teemu Granqvist,2020-2020,1,7,7,5,12,1.71
Eemi Oksanen,2023-2024,2,24,12,0,12,0.50
Joonatan Bergholm,2016-2016,1,8,7,5,12,1.50
Juha Mertanen,2007-2007,1,18,11,0,11,0.61
Julius Rissanen,2007-2011,4,26,8,3,11,0.42
Jali Veranen,2020-2020,1,13,3,7,10,0.77
Arttu Rautamäki,2024-2025,3,67,8,2,10,0.15
Markus Nora,2006-2006,1,12,7,2,9,0.75
Kim Kåhre,2015-2015,1,8,5,4,9,1.12
Santtu Lehto,2023-2023,1,10,7,2,9,0.90
Sebastian Godenhjelm,2006-2006,1,16,4,4,8,0.50
Tommy Mattila,2012-2012,1,14,7,1,8,0.57
Alexander Lehtonen,2019-2020,2,11,5,3,8,0.73
Eelis Junnila,2023-2026,2,23,3,5,8,0.35
Zaheer Gauhar,2025-2025,1,8,3,5,8,1.00
Jesper Pettersson,2016-2016,1,4,5,3,8,2.00
Marko Korhonen,2006-2006,2,12,1,6,7,0.58
Arvi Tuuri,2025-2025,1,44,7,0,7,0.16
Phong Tran,2025-2026,3,20,7,0,7,0.35
Juha Nurminen,2006-2006,1,4,4,2,6,1.50
Šimon Kadlec,2018-2018,1,10,6,0,6,0.60
Simo Soini,2020-2020,1,13,5,1,6,0.46
Aapo Putkonen,2024-2024,1,14,4,2,6,0.43
Tommi Taivalkoski,2019-2019,1,13,1,4,5,0.38
Clemens Jonas Hellmig,2024-2024,1,6,2,3,5,0.83
Yury Elkin,2025-2025,1,10,4,1,5,0.50
Juho Hiekkanen,2020-2020,1,7,4,0,4,0.57
Torsti Visuri,2023-2025,2,40,4,0,4,0.10
Konsta Kokkonen,2013-2013,1,3,2,1,3,1.00
Anssi Matilainen,2013-2013,2,19,3,0,3,0.16
Arimo Lemettinen,2013-2013,1,3,3,0,3,1.00
Jukka Ilomäki,2023-2023,1,10,2,1,3,0.30
Matthew Schilke,2024-2024,1,6,2,1,3,0.50
Juha Poikolainen,2006-2006,1,6,1,1,2,0.33
Eetu Tiihonen,2010-2010,1,4,1,1,2,0.50
Kasperi Kunnas,2010-2010,1,3,2,0,2,0.67
Aku Westerberg,2024-2024,1,4,1,1,2,0.50
Janne Aittomäki,2007-2007,1,10,0,1,1,0.10
Aapo Kaijanmäki,2024-2024,1,12,1,0,1,0.08
Abhinav Omprakash Naik,2025-2025,1,9,1,0,1,0.11
Heikki Härkönen,2007-2007,1,1,0,0,0,0.00
Jani Honkanen,2007-2007,1,3,0,0,0,0.00
Pauli Siponen,2008-2008,1,2,0,0,0,0.00
Ari Ojanperä,2009-2009,1,14,0,0,0,0.00
Otto Forsbom,2010-2010,1,3,0,0,0,0.00
Juho Keitaanniemi,2011-2011,1,1,0,0,0,0.00
Alec Stiller,2023-2023,1,6,0,0,0,0.00
Erno Kerman,2025-2025,1,27,0,0,0,0.00
Topi Hintukainen,2016-2016,1,8,0,0,0,0.00
Euramo Sisu,2025-2025,0,12,0,0,0,0.00
Lacy Theo,2025-2025,0,8,0,0,0,0.00
Iivo Laaksonen,2025-2025,0,9,0,0,0,0.00
nikolaev nikolay,2014-2014,0,1,0,0,0,0.00
